algorithm	benchmark	execution-count	generators	lower-q	manufacturerModel	median	millisec	nelements	now	nthreads	sample-count	tail-quantile	threads	total-time	upper-q	value	warmup-executions
dynest	axpy	6	linearfunctions-m22-vectors-v2-vectors-v2	168.66374512500002	LENOVO.20ERCTO1WW	171.60095041666668	170.90105790820314	1048576	20170904-1820	6	256	0.05	6	262.499313024	173.22310283333337	214037.07288064115	67
instancefn	axpy	11	linearfunctions-m22-vectors-v2-vectors-v2	92.87289718181817	LENOVO.20ERCTO1WW	94.06197668181818	93.98959027414773	1048576	20170904-1830	6	256	0.05	6	264.678813927	95.00731429545455	214037.0690506851	127
nohierarchy	axpy	7	linearfunctions-m22-vectors-v2-vectors-v2	145.9437247142857	LENOVO.20ERCTO1WW	147.82863621428572	147.42441845814733	1048576	20170904-1839	6	256	0.05	6	264.189183009	148.92301692857143	214037.07288064115	73
dynafun	axpy	7	linearfunctions-m22-vectors-v2-vectors-v2	153.2118856785714	LENOVO.20ERCTO1WW	155.1311937142857	154.55845366350445	1048576	20170904-1849	6	256	0.05	6	276.969438568	155.6714682857143	214037.07288064115	66
dynalin	axpy	3	linearfunctions-m22-vectors-v2-vectors-v2	428.93757433333343	LENOVO.20ERCTO1WW	439.6167516666667	437.62418131119796	1048576	20170904-1900	6	256	0.05	6	336.091995119	447.7121973333334	214037.07288064115	25
