algorithm	benchmark	execution-count	generators	lower-q	manufacturerModel	median	millisec	nelements	now	nthreads	sample-count	tail-quantile	threads	total-time	upper-q	value	warmup-executions
dynest	diameter	24	objects-SetOf7	42.74282279166667	LENOVO.20ERCTO1WW	43.034913708333335	43.06989356233724	1048576	20170905-0158	6	256	0.05	6	264.619961157	43.40862279166667	1200.0	259
instancefn	diameter	25	objects-SetOf7	39.9517734	LENOVO.20ERCTO1WW	40.2143737	40.15654492140625	1048576	20170905-0205	6	256	0.05	6	257.003373176	40.34161506	1200.0	251
nohierarchy	diameter	19	objects-SetOf7	54.67285700000001	LENOVO.20ERCTO1WW	55.25311742105263	55.349497948807574	1048576	20170905-0212	6	256	0.05	6	269.222475353	55.95916081578948	1200.0	211
dynafun	diameter	20	objects-SetOf7	50.9864673625	LENOVO.20ERCTO1WW	51.6083198	51.43773225488282	1048576	20170905-0219	6	256	0.05	6	263.361417804	51.840665975	1200.0	223
dynalin	diameter	24	objects-SetOf7	42.25851178125001	LENOVO.20ERCTO1WW	42.5438828125	42.60134555680339	1048576	20170905-0227	6	256	0.05	6	261.746321112	42.93427563541667	1200.0	265
