algorithm	benchmark	execution-count	generators	lower-q	manufacturerModel	median	millisec	nelements	now	nthreads	sample-count	tail-quantile	threads	total-time	upper-q	value	warmup-executions
dynest	diameter	42	Sets-IntervalOf2	23.973000833333334	LENOVO.20ERCTO1WW	24.03101625	24.10242165913319	1048576	20170905-0045	6	256	0.05	6	259.148486825	24.205500964285715	1200.0	463
instancefn	diameter	67	Sets-IntervalOf2	15.017110223880598	LENOVO.20ERCTO1WW	15.079779388059702	15.059954129430972	1048576	20170905-0053	6	256	0.05	6	258.305739315	15.097976246268658	1200.0	745
nohierarchy	diameter	31	Sets-IntervalOf2	29.706216612903233	LENOVO.20ERCTO1WW	29.814036016129034	30.33836207270666	1048576	20170905-0059	6	256	0.05	6	240.747938083	33.09896932258065	1200.0	313
dynafun	diameter	30	Sets-IntervalOf2	33.28005233333334	LENOVO.20ERCTO1WW	33.32967815	33.68395402382813	1048576	20170905-0106	6	256	0.05	6	258.687085309	34.4051993	1200.0	337
dynalin	diameter	43	Sets-IntervalOf2	23.72345676744186	LENOVO.20ERCTO1WW	23.867773604651163	23.825605389898257	1048576	20170905-0113	6	256	0.05	6	262.273977726	23.931777790697677	1200.0	421
